id,first_name,last_name,email,gender,ip_address
1,Twila,Ikin,tikin0@nps.gov,Female,81.95.53.173
2,Dania,Fearenside,dfearenside1@timesonline.co.uk,Female,158.62.172.19
3,Robers,Spendlove,rspendlove2@ameblo.jp,Male,204.118.33.2
4,Moore,Missen,mmissen3@google.com.br,Male,178.81.39.75
5,Celia,Evill,cevill4@plala.or.jp,Female,178.198.134.91
6,Leelah,Klampt,lklampt5@toplist.cz,Female,143.18.148.61
7,Cam,Dowd,cdowd6@simplemachines.org,Male,3.122.37.235
8,Ericka,Yoslowitz,eyoslowitz7@tumblr.com,Female,89.244.59.119
9,Gannie,Jostan,gjostan8@mozilla.com,Male,212.109.54.171
10,Anna-diana,Vizor,avizor9@wikispaces.com,Genderfluid,108.33.193.11
11,Vernon,Keeting,vkeetinga@columbia.edu,Male,71.138.225.204
12,Silvano,Winram,swinramb@seesaa.net,Male,69.181.75.24
13,Pate,Freeman,pfreemanc@intel.com,Male,123.140.51.103
14,Justen,Rook,jrookd@exblog.jp,Male,22.7.55.252
15,Graehme,Starmont,gstarmonte@yahoo.co.jp,Male,151.205.103.248
16,Mar,Sprowle,msprowlef@kickstarter.com,Male,105.202.185.95
17,Martin,Terzo,mterzog@dailymail.co.uk,Polygender,85.242.34.4
18,Stewart,Quinney,squinneyh@wiley.com,Male,185.73.176.123
19,Lynn,Rounsefull,lrounsefulli@google.nl,Female,220.221.136.242
20,Vivi,Crosham,vcroshamj@japanpost.jp,Female,12.125.122.133
21,Mimi,Garland,mgarlandk@github.com,Polygender,24.77.186.204
22,Sophi,Briand,sbriandl@google.nl,Female,39.201.204.236
23,Adina,Cromley,acromleym@aboutads.info,Female,249.16.129.60
24,Normy,Heugle,nheuglen@mapy.cz,Male,134.207.102.28
25,Karim,Ourtic,kourtico@ucla.edu,Male,102.11.221.57
26,Pall,Restieaux,prestieauxp@arstechnica.com,Male,220.184.103.126
27,Culley,Hanretty,chanrettyq@ftc.gov,Male,218.199.72.64
28,Dimitry,Cobain,dcobainr@trellian.com,Male,206.74.192.167
29,Atlante,La Croce,alacroces@upenn.edu,Female,68.191.37.129
30,Fraser,Mingey,fmingeyt@live.com,Male,130.29.32.21
31,Vidovik,Etter,vetteru@pcworld.com,Male,220.19.91.205
32,Flor,Dragon,fdragonv@csmonitor.com,Female,214.178.134.122
33,Maynard,Mewha,mmewhaw@guardian.co.uk,Male,88.100.134.55
34,Sherlock,Edrich,sedrichx@blogtalkradio.com,Male,178.209.242.251
35,Munmro,Leyton,mleytony@springer.com,Male,83.218.57.136
36,Lucina,Ashingden,lashingdenz@apache.org,Female,128.8.253.45
37,Arlette,Gately,agately10@delicious.com,Female,184.211.253.10
38,Ty,Sherewood,tsherewood11@feedburner.com,Male,252.16.155.198
39,Byran,Covington,bcovington12@twitter.com,Male,224.232.190.87
40,Yvor,Marchenko,ymarchenko13@cbsnews.com,Male,96.143.152.247
41,Timmie,De Rye Barrett,tderyebarrett14@telegraph.co.uk,Male,122.123.18.68
42,Clea,MacDonell,cmacdonell15@wikimedia.org,Bigender,185.138.98.92
43,Thibaud,McCullogh,tmccullogh16@gnu.org,Male,52.101.93.83
44,Coleen,Westbrook,cwestbrook17@mapy.cz,Female,32.216.251.164
45,Hilton,Lagneaux,hlagneaux18@newyorker.com,Male,97.219.129.140
46,Austine,York,ayork19@paypal.com,Female,169.113.63.185
47,Dorian,Bick,dbick1a@accuweather.com,Female,204.175.77.179
48,Dre,Riddlesden,driddlesden1b@icq.com,Female,76.140.129.92
49,Regen,Paddy,rpaddy1c@homestead.com,Male,90.21.101.77
50,Heywood,Tabourier,htabourier1d@aboutads.info,Male,116.57.96.122
51,Karalynn,Tuck,ktuck1e@state.gov,Polygender,6.68.213.66
52,Jillayne,Toolan,jtoolan1f@rakuten.co.jp,Female,210.165.142.57
53,Starlin,Bend,sbend1g@msu.edu,Female,119.203.154.56
54,Ronny,Chazotte,rchazotte1h@stumbleupon.com,Agender,4.167.58.147
55,Dennet,Rimour,drimour1i@go.com,Male,138.78.37.132
56,Carlynn,Warne,cwarne1j@jugem.jp,Female,222.5.178.7
57,Alistair,Stanbridge,astanbridge1k@shinystat.com,Male,252.16.149.53
58,Aurilia,Kirvell,akirvell1l@hhs.gov,Bigender,210.175.220.140
59,Bryce,Cowap,bcowap1m@nih.gov,Male,175.60.144.201
60,Emmit,Linscott,elinscott1n@mlb.com,Male,35.210.2.142
61,Karlis,Graffin,kgraffin1o@g.co,Male,189.12.175.56
62,Tuesday,Mabbett,tmabbett1p@tripod.com,Female,160.214.244.119
63,Bevin,Fereday,bfereday1q@ucoz.com,Male,92.54.156.36
64,Baillie,Miranda,bmiranda1r@is.gd,Male,50.62.142.3
65,Lilla,Khrishtafovich,lkhrishtafovich1s@joomla.org,Female,201.136.118.23
66,Loren,Kildea,lkildea1t@answers.com,Male,10.43.199.162
67,Carmel,Layzell,clayzell1u@topsy.com,Female,63.57.232.114
68,Jacynth,Engley,jengley1v@joomla.org,Female,176.228.208.26
69,Onofredo,Bernaldo,obernaldo1w@twitter.com,Male,157.148.170.107
70,Ariel,Hixley,ahixley1x@twitpic.com,Male,95.30.239.60
71,Christyna,Fisbey,cfisbey1y@china.com.cn,Polygender,15.29.245.25
72,Jane,Wittering,jwittering1z@fda.gov,Female,43.96.221.48
73,Niels,Toderini,ntoderini20@home.pl,Bigender,187.35.156.246
74,Cordell,Barefoot,cbarefoot21@plala.or.jp,Male,172.75.53.198
75,Laney,Ferryn,lferryn22@umn.edu,Male,95.173.90.103
76,Arnoldo,Coleson,acoleson23@addthis.com,Male,81.94.198.243
77,Tedman,Oldershaw,toldershaw24@geocities.com,Male,250.6.65.160
78,Lexi,Bosnell,lbosnell25@noaa.gov,Female,177.125.217.15
79,Kameko,de Courcy,kdecourcy26@webnode.com,Female,140.187.215.80
80,Gillan,Jarrold,gjarrold27@typepad.com,Female,143.78.87.167
81,Micheal,Scamel,mscamel28@va.gov,Male,224.148.237.227
82,Conan,Gimblet,cgimblet29@surveymonkey.com,Male,84.137.68.22
83,Marlyn,Leirmonth,mleirmonth2a@miitbeian.gov.cn,Female,216.253.238.232
84,Rudy,O'Bruen,robruen2b@mail.ru,Male,57.188.242.250
85,Fayre,Dwelly,fdwelly2c@mit.edu,Female,66.137.47.163
86,Lalo,Sailes,lsailes2d@friendfeed.com,Male,176.21.103.156
87,Gardener,Boyland,gboyland2e@reference.com,Agender,97.165.217.87
88,Bucky,Alsopp,balsopp2f@virginia.edu,Male,251.134.50.20
89,Gaile,Pringell,gpringell2g@utexas.edu,Male,105.195.249.37
90,Nealon,Haccleton,nhaccleton2h@networkadvertising.org,Agender,20.202.104.155
91,Maurie,Pikett,mpikett2i@unc.edu,Male,12.117.118.215
92,Keri,McMackin,kmcmackin2j@facebook.com,Female,190.229.172.62
93,Emelda,Edgworth,eedgworth2k@imdb.com,Female,35.208.211.163
94,Adriane,Caitlin,acaitlin2l@eventbrite.com,Female,28.40.107.139
95,Chlo,Baggett,cbaggett2m@ibm.com,Female,93.127.21.190
96,Ruperto,Castagnone,rcastagnone2n@state.gov,Male,151.46.186.88
97,Tallie,Kellington,tkellington2o@list-manage.com,Male,86.80.223.55
98,Jennifer,Kristufek,jkristufek2p@w3.org,Female,112.149.103.213
99,Raynor,Stuttman,rstuttman2q@usgs.gov,Male,41.183.98.62
100,Tawnya,Gueny,tgueny2r@ox.ac.uk,Female,161.165.111.116
101,Taryn,MacSweeney,tmacsweeney2s@delicious.com,Female,126.207.223.196
102,Jon,Sissel,jsissel2t@tripod.com,Male,199.166.173.181
103,Reggie,Featherston,rfeatherston2u@arizona.edu,Male,121.115.57.157
104,Patric,Goldsbrough,pgoldsbrough2v@home.pl,Male,126.222.141.252
105,Cariotta,Russan,crussan2w@dmoz.org,Female,165.125.200.226
106,Ken,Sergison,ksergison2x@sourceforge.net,Male,38.157.103.13
107,Malchy,Rogan,mrogan2y@simplemachines.org,Male,135.46.117.247
108,Bobbee,Rookeby,brookeby2z@netlog.com,Non-binary,203.162.203.199
109,Ives,Urrey,iurrey30@technorati.com,Male,220.58.92.190
110,Quill,Theyer,qtheyer31@cnet.com,Male,195.224.30.135
111,Palmer,Graybeal,pgraybeal32@europa.eu,Bigender,32.21.186.221
112,Magdalena,Gricks,mgricks33@slate.com,Non-binary,212.220.18.148
113,Hardy,Armitt,harmitt34@globo.com,Male,239.114.52.209
114,Vladamir,Bastin,vbastin35@studiopress.com,Male,76.81.20.138
115,Shanon,Veck,sveck36@alexa.com,Female,222.71.176.227
116,Curt,Cunde,ccunde37@hud.gov,Male,196.142.144.241
117,Rafaelita,Lewinton,rlewinton38@gizmodo.com,Female,100.0.91.100
118,Rosamond,Troni,rtroni39@ft.com,Female,0.170.153.160
119,Symon,Prynne,sprynne3a@google.ca,Male,10.106.129.92
120,Hakeem,Genner,hgenner3b@edublogs.org,Male,109.23.9.47
121,Elmer,Giacaponi,egiacaponi3c@google.pl,Male,199.214.25.205
122,Shauna,Lushey,slushey3d@wikipedia.org,Female,214.215.75.68
123,Sheridan,Leslie,sleslie3e@webnode.com,Male,9.10.240.134
124,Margarita,Munkley,mmunkley3f@jugem.jp,Female,223.146.82.31
125,Allard,McFetridge,amcfetridge3g@timesonline.co.uk,Male,155.248.81.93
126,Dorelle,Kempshall,dkempshall3h@issuu.com,Female,252.173.53.38
127,Leonerd,Croci,lcroci3i@huffingtonpost.com,Male,168.125.238.51
128,Cory,McSkeagan,cmcskeagan3j@cafepress.com,Female,194.193.209.42
129,Lowell,Slevin,lslevin3k@fotki.com,Male,161.106.155.73
130,Zsa zsa,Healing,zhealing3l@fda.gov,Female,221.64.227.175
131,Saundra,Borkin,sborkin3m@imgur.com,Female,38.119.251.142
132,Linoel,Tolliday,ltolliday3n@businessinsider.com,Bigender,139.156.244.67
133,Claudina,Darth,cdarth3o@mozilla.org,Female,107.112.43.232
134,Arri,Gartside,agartside3p@163.com,Male,15.76.181.139
135,Glenna,Pummell,gpummell3q@sciencedirect.com,Female,170.169.107.40
136,Cathee,Pett,cpett3r@apple.com,Female,234.222.132.125
137,Karl,Caldicott,kcaldicott3s@sakura.ne.jp,Male,88.238.101.34
138,Margo,Matokhnin,mmatokhnin3t@hubpages.com,Female,233.177.214.69
139,Broderick,Aireton,baireton3u@ow.ly,Male,145.31.208.94
140,Elicia,O' Mara,eomara3v@examiner.com,Female,252.180.229.140
141,Harli,Reide,hreide3w@ask.com,Female,9.116.215.16
142,Kirsti,MacPharlain,kmacpharlain3x@bbb.org,Female,37.65.126.157
143,Courtney,Thresh,cthresh3y@va.gov,Bigender,254.25.131.154
144,Malina,Yitzhakov,myitzhakov3z@angelfire.com,Female,107.235.26.60
145,Montague,Kiln,mkiln40@smugmug.com,Male,235.158.27.185
146,Gregory,Jaffa,gjaffa41@indiegogo.com,Male,248.239.84.58
147,Claybourne,Ricardon,cricardon42@jimdo.com,Genderfluid,27.253.189.14
148,Sully,Nelsey,snelsey43@mlb.com,Male,210.239.23.123
149,Kev,Nevison,knevison44@netlog.com,Male,165.202.23.128
150,Florance,Roback,froback45@senate.gov,Female,1.144.14.32
151,Cissy,Frediani,cfrediani46@1und1.de,Female,84.64.29.202
152,Sancho,Rame,srame47@bing.com,Male,214.214.110.68
153,Morganica,Coneybeare,mconeybeare48@ezinearticles.com,Female,80.61.253.137
154,Tania,Frangello,tfrangello49@shareasale.com,Female,221.19.225.181
155,Dag,Denham,ddenham4a@cbc.ca,Male,175.176.26.205
156,Caresse,Venditti,cvenditti4b@odnoklassniki.ru,Female,97.40.153.181
157,Melba,Marmon,mmarmon4c@sun.com,Female,3.123.190.92
158,Aurelie,Snawden,asnawden4d@purevolume.com,Female,174.41.92.232
159,Petr,Vyse,pvyse4e@bloomberg.com,Male,73.131.226.65
160,Kary,Gann,kgann4f@ca.gov,Bigender,196.169.153.204
161,Alleen,Brightey,abrightey4g@163.com,Female,89.57.65.175
162,Celestyna,Biaggi,cbiaggi4h@xrea.com,Genderfluid,55.64.228.102
163,Lisbeth,Scolland,lscolland4i@ocn.ne.jp,Female,105.158.78.183
164,Austin,Isacke,aisacke4j@go.com,Male,186.219.34.165
165,Royal,Filinkov,rfilinkov4k@fc2.com,Male,104.73.226.205
166,Chane,Cudde,ccudde4l@privacy.gov.au,Male,72.148.245.120
167,Elianore,Allabarton,eallabarton4m@scribd.com,Female,113.141.166.219
168,Hanson,Chinery,hchinery4n@ucsd.edu,Male,41.32.207.244
169,Stanfield,Simmings,ssimmings4o@zdnet.com,Male,151.95.191.119
170,Kayle,Lace,klace4p@who.int,Female,223.196.148.115
171,Cord,Retter,cretter4q@pinterest.com,Male,179.193.164.92
172,Raphael,Accombe,raccombe4r@odnoklassniki.ru,Male,249.156.173.227
173,Glenna,Crilly,gcrilly4s@lycos.com,Female,149.140.52.142
174,Cindi,Kleynermans,ckleynermans4t@facebook.com,Female,199.29.77.121
175,Nelle,Swateridge,nswateridge4u@cnbc.com,Female,198.111.178.97
176,Jodie,Rebert,jrebert4v@wikia.com,Male,231.180.168.84
177,Monty,Hedlestone,mhedlestone4w@dagondesign.com,Male,211.173.93.95
178,Ivan,Coad,icoad4x@1688.com,Male,146.81.88.111
179,Malorie,Samarth,msamarth4y@howstuffworks.com,Female,233.191.36.196
180,Lamont,Collick,lcollick4z@bbb.org,Male,13.88.13.38
181,Honor,Jirick,hjirick50@addthis.com,Female,114.28.13.112
182,Natividad,Blogg,nblogg51@sciencedaily.com,Female,82.164.232.169
183,Lovell,Bourner,lbourner52@latimes.com,Male,141.252.194.189
184,Bing,Pybus,bpybus53@blog.com,Male,2.151.217.48
185,Lexie,Scourfield,lscourfield54@ibm.com,Non-binary,185.242.247.185
186,Aubert,Kentwell,akentwell55@shutterfly.com,Male,76.229.96.142
187,Stormy,Lester,slester56@slideshare.net,Female,105.251.199.86
188,Baryram,Sealove,bsealove57@weather.com,Male,18.86.187.69
189,Nixie,Mattes,nmattes58@irs.gov,Non-binary,1.124.219.18
190,Oralle,Gallaccio,ogallaccio59@cam.ac.uk,Genderqueer,88.126.27.61
191,Rickard,Romei,rromei5a@google.com.hk,Male,91.128.61.104
192,Benson,Accomb,baccomb5b@github.io,Male,188.124.170.129
193,Powell,Marconi,pmarconi5c@samsung.com,Male,146.44.16.116
194,Analiese,Seefus,aseefus5d@microsoft.com,Female,229.101.182.17
195,Carlynn,Adlem,cadlem5e@quantcast.com,Female,202.64.225.254
196,Abbi,Fouch,afouch5f@pbs.org,Female,45.108.45.208
197,Silva,Brownlea,sbrownlea5g@redcross.org,Female,203.42.89.53
198,Marijo,Faill,mfaill5h@miibeian.gov.cn,Female,198.255.25.32
199,Lyle,Webley,lwebley5i@mozilla.org,Male,70.161.203.4
200,Korney,Maffeo,kmaffeo5j@t-online.de,Female,112.139.199.223
201,Marinna,Ebertz,mebertz5k@cbsnews.com,Female,93.112.40.195
202,Chaim,Corrison,ccorrison5l@macromedia.com,Male,11.185.204.80
203,Clerc,Syphas,csyphas5m@sohu.com,Male,67.138.164.199
204,Wade,Witsey,wwitsey5n@china.com.cn,Male,99.220.143.176
205,Cord,Whelpton,cwhelpton5o@technorati.com,Male,219.7.221.174
206,Linn,Dilland,ldilland5p@zdnet.com,Female,43.28.182.198
207,Sandy,Sturzaker,ssturzaker5q@smugmug.com,Male,212.107.147.242
208,Meade,Divina,mdivina5r@macromedia.com,Male,168.255.159.146
209,Bryanty,Silbermann,bsilbermann5s@whitehouse.gov,Male,122.138.175.26
210,Gregg,Renihan,grenihan5t@shareasale.com,Male,251.111.103.149
211,Maxine,Girauld,mgirauld5u@photobucket.com,Female,194.153.200.218
212,Kassia,Ascrofte,kascrofte5v@biglobe.ne.jp,Non-binary,83.65.182.52
213,Amandy,Brazel,abrazel5w@wp.com,Non-binary,89.203.245.81
214,Eilis,Diggins,ediggins5x@blog.com,Female,150.204.211.183
215,Tamra,MacIlriach,tmacilriach5y@twitter.com,Female,100.146.176.69
216,Kathryne,Larkby,klarkby5z@youtu.be,Female,30.228.22.240
217,Fidelity,Epsley,fepsley60@marriott.com,Female,189.118.83.128
218,Idell,Fieldgate,ifieldgate61@deviantart.com,Female,173.33.50.55
219,Angie,Plott,aplott62@wikispaces.com,Male,87.207.86.175
220,Rufus,Pley,rpley63@over-blog.com,Agender,1.226.241.255
221,Wainwright,Clabburn,wclabburn64@wisc.edu,Male,224.173.227.160
222,Leo,Dewane,ldewane65@squarespace.com,Male,131.32.227.212
223,Harmon,Glen,hglen66@taobao.com,Bigender,110.24.105.134
224,Skippy,Lambdon,slambdon67@yelp.com,Male,40.246.192.113
225,Darryl,Gecke,dgecke68@who.int,Male,90.2.77.242
226,Boone,Aliman,baliman69@t-online.de,Male,46.9.111.162
227,Brander,de Broke,bdebroke6a@xing.com,Male,95.103.209.39
228,Wilburt,Shorton,wshorton6b@mayoclinic.com,Male,206.181.32.158
229,Belicia,Morforth,bmorforth6c@bbc.co.uk,Female,168.97.129.73
230,Llywellyn,Kloska,lkloska6d@chicagotribune.com,Male,246.249.172.178
231,Beverlie,Gilbard,bgilbard6e@wisc.edu,Female,201.212.222.129
232,Essa,Pavolillo,epavolillo6f@hatena.ne.jp,Female,141.128.172.181
233,Kary,Garmston,kgarmston6g@intel.com,Female,30.141.36.191
234,Lotte,Kyne,lkyne6h@apple.com,Female,83.110.93.148
235,Arlinda,Matteo,amatteo6i@feedburner.com,Female,236.175.141.50
236,Flossi,Wandrich,fwandrich6j@ovh.net,Female,142.115.108.4
237,Connor,Rope,crope6k@t-online.de,Polygender,249.42.83.49
238,Margette,MacDuffie,mmacduffie6l@hhs.gov,Female,235.236.14.166
239,Kasey,Purrier,kpurrier6m@wikipedia.org,Female,205.246.76.107
240,Orlan,Vice,ovice6n@un.org,Male,185.138.43.247
241,Channa,Rude,crude6o@opensource.org,Female,148.182.197.20
242,Oberon,Loughhead,oloughhead6p@wufoo.com,Male,208.208.234.84
243,Dore,Mayze,dmayze6q@wikimedia.org,Female,191.165.106.78
244,Lazaro,Milburne,lmilburne6r@stanford.edu,Male,202.52.218.34
245,Llewellyn,Hodges,lhodges6s@hp.com,Male,3.157.243.176
246,Celinda,Metrick,cmetrick6t@wikipedia.org,Female,147.79.30.148
247,Nels,Gilardi,ngilardi6u@ezinearticles.com,Genderfluid,150.172.216.251
248,Kesley,McMorran,kmcmorran6v@sbwire.com,Female,17.9.112.28
249,Luci,Kyme,lkyme6w@typepad.com,Female,95.50.194.242
250,Anstice,Torns,atorns6x@admin.ch,Female,150.51.173.241
251,Silvia,Lenin,slenin6y@fotki.com,Non-binary,16.214.71.94
252,Rurik,McBrearty,rmcbrearty6z@howstuffworks.com,Male,174.82.215.233
253,Anni,Louys,alouys70@bigcartel.com,Female,193.14.158.103
254,Perren,Kloisner,pkloisner71@vk.com,Male,204.128.95.114
255,Carly,Huby,chuby72@weather.com,Female,250.201.26.189
256,Ellary,Tocqueville,etocqueville73@e-recht24.de,Male,171.145.45.240
257,Jodie,Arni,jarni74@dion.ne.jp,Female,69.161.105.54
258,Raquel,Matthai,rmatthai75@ebay.com,Female,241.16.124.202
259,Lorne,Elderbrant,lelderbrant76@netscape.com,Female,26.208.24.33
260,Karlik,O' Donohoe,kodonohoe77@last.fm,Polygender,184.93.33.110
261,Teressa,Willcox,twillcox78@wordpress.org,Female,82.254.131.245
262,Karen,Sabbins,ksabbins79@sun.com,Female,130.28.60.91
263,Georges,Matcham,gmatcham7a@hibu.com,Male,29.129.136.227
264,Shalna,Thornborrow,sthornborrow7b@google.es,Female,50.19.254.171
265,Erl,Keeting,ekeeting7c@sun.com,Male,241.243.52.46
266,Farly,Frostdyke,ffrostdyke7d@mapquest.com,Male,140.70.88.102
267,Brandon,Roggers,broggers7e@arizona.edu,Male,103.133.237.49
268,Chantal,Daid,cdaid7f@pen.io,Female,167.205.249.182
269,Chrysler,Fabb,cfabb7g@addtoany.com,Female,193.25.228.140
270,Raddy,Norker,rnorker7h@springer.com,Genderqueer,57.240.34.79
271,Haze,Redmond,hredmond7i@ning.com,Male,76.80.67.248
272,Hew,Easseby,heasseby7j@instagram.com,Male,86.169.109.148
273,Stevena,Hurich,shurich7k@usa.gov,Female,152.253.79.199
274,Yancey,Torregiani,ytorregiani7l@symantec.com,Male,92.92.158.73
275,Min,Fownes,mfownes7m@blog.com,Female,137.208.213.169
276,Madlin,Mustill,mmustill7n@vkontakte.ru,Female,156.213.12.222
277,Jackqueline,Casiero,jcasiero7o@foxnews.com,Female,12.169.1.56
278,Peirce,Aylward,paylward7p@cornell.edu,Male,156.97.139.28
279,Philippa,Pendall,ppendall7q@blogger.com,Female,115.75.111.191
280,Pierre,Jozefczak,pjozefczak7r@businesswire.com,Male,77.22.142.54
281,Sabrina,Marian,smarian7s@admin.ch,Female,85.225.66.42
282,Laurice,England,lengland7t@walmart.com,Female,229.74.150.205
283,Jedediah,Mc Gorley,jmcgorley7u@xinhuanet.com,Male,33.227.123.150
284,Kimberly,Spuner,kspuner7v@ycombinator.com,Female,230.113.112.136
285,Miguelita,Fleckno,mfleckno7w@adobe.com,Female,138.152.131.237
286,Brandi,Casine,bcasine7x@macromedia.com,Female,118.46.233.95
287,Ilise,Jaxon,ijaxon7y@ocn.ne.jp,Female,62.247.79.44
288,Emory,Boanas,eboanas7z@studiopress.com,Male,224.75.229.8
289,Rochette,Ebbin,rebbin80@yahoo.com,Female,200.105.235.115
290,Ximenes,Chyuerton,xchyuerton81@feedburner.com,Male,62.7.211.152
291,Dalston,Gracey,dgracey82@usda.gov,Male,147.169.232.51
292,Ferdy,Cockroft,fcockroft83@ehow.com,Male,68.103.147.58
293,Britney,Cecely,bcecely84@mtv.com,Polygender,179.95.13.81
294,Fred,Panchin,fpanchin85@sfgate.com,Male,170.200.7.198
295,Ardelle,Frankis,afrankis86@google.ru,Female,247.212.222.76
296,Mercie,Oldfield,moldfield87@opera.com,Female,155.115.215.4
297,Amaleta,Oaten,aoaten88@constantcontact.com,Female,2.154.192.120
298,Goldie,Rubery,grubery89@independent.co.uk,Female,111.243.59.63
299,Delcine,Gallant,dgallant8a@harvard.edu,Female,164.166.212.71
300,Clifford,McCloy,cmccloy8b@google.fr,Male,193.110.185.131
301,Faber,Capelen,fcapelen8c@state.tx.us,Male,234.11.97.56
302,Jordan,McLardie,jmclardie8d@economist.com,Male,176.190.218.78
303,Tiff,Pardal,tpardal8e@ebay.co.uk,Female,153.26.85.2
304,Rockwell,Boud,rboud8f@flickr.com,Male,156.26.77.144
305,Nicki,McVee,nmcvee8g@bloomberg.com,Female,20.195.252.83
306,Morgan,Sannes,msannes8h@godaddy.com,Female,7.20.26.66
307,Saunderson,Sarfat,ssarfat8i@pagesperso-orange.fr,Male,93.35.19.133
308,Jodi,Buchett,jbuchett8j@vimeo.com,Male,147.13.234.248
309,Moritz,Toffolo,mtoffolo8k@msn.com,Male,45.252.231.139
310,Onida,Crudge,ocrudge8l@noaa.gov,Female,59.198.106.183
311,Codi,Jewel,cjewel8m@state.tx.us,Female,26.175.150.108
312,Harold,Maypole,hmaypole8n@hatena.ne.jp,Male,16.17.75.87
313,Chris,Dowrey,cdowrey8o@guardian.co.uk,Male,4.231.68.97
314,Andie,Droogan,adroogan8p@w3.org,Female,146.64.136.187
315,Alys,Bigadike,abigadike8q@guardian.co.uk,Female,15.7.40.80
316,Madelon,Slimmon,mslimmon8r@desdev.cn,Female,41.12.59.70
317,Aldous,Deares,adeares8s@zdnet.com,Male,36.198.250.141
318,Shanon,Redmond,sredmond8t@wufoo.com,Female,70.29.170.30
319,Anthia,How to preserve,ahowtopreserve8u@symantec.com,Female,203.111.102.223
320,Ebenezer,Agney,eagney8v@skype.com,Male,11.22.62.106
321,Trey,Savaage,tsavaage8w@behance.net,Male,228.43.21.52
322,Cecil,Stenning,cstenning8x@flickr.com,Male,114.58.253.174
323,Cirilo,Fockes,cfockes8y@illinois.edu,Male,229.161.151.122
324,Catarina,Keady,ckeady8z@printfriendly.com,Female,107.172.169.105
325,Zacharia,Eldridge,zeldridge90@over-blog.com,Genderfluid,112.229.217.23
326,Jaime,Lannon,jlannon91@state.gov,Female,227.9.3.240
327,Tamas,Bennen,tbennen92@mit.edu,Male,152.77.223.92
328,Jeremiah,Lanahan,jlanahan93@mtv.com,Male,182.193.7.204
329,Claudius,Tiltman,ctiltman94@va.gov,Male,74.54.201.76
330,Libbie,Comazzo,lcomazzo95@wikipedia.org,Female,231.83.247.147
331,Hercule,Moules,hmoules96@home.pl,Male,245.108.154.72
332,Geri,Ellum,gellum97@opensource.org,Polygender,141.209.83.234
333,Adrien,Vannucci,avannucci98@themeforest.net,Male,196.115.199.156
334,Chad,Claibourn,cclaibourn99@buzzfeed.com,Male,175.39.93.206
335,Dugald,Chandler,dchandler9a@samsung.com,Male,94.125.168.149
336,Helli,Josskowitz,hjosskowitz9b@freewebs.com,Female,144.94.186.182
337,Dody,Garlette,dgarlette9c@youtu.be,Female,197.80.215.227
338,Suzanne,Skippen,sskippen9d@privacy.gov.au,Female,180.10.135.200
339,Kare,Mitrovic,kmitrovic9e@storify.com,Female,16.183.187.82
340,Lizabeth,Heinig,lheinig9f@patch.com,Female,8.164.108.140
341,Lazaro,Akaster,lakaster9g@uiuc.edu,Male,167.23.253.0
342,Robina,Burroughes,rburroughes9h@unicef.org,Female,194.178.149.208
343,Barney,Frascone,bfrascone9i@themeforest.net,Male,78.63.206.191
344,Pierce,Ales,pales9j@twitpic.com,Male,179.33.71.3
345,Gerhardt,Checklin,gchecklin9k@narod.ru,Male,30.154.45.82
346,Maximo,Merwood,mmerwood9l@dion.ne.jp,Male,129.111.206.187
347,Evvie,Dikes,edikes9m@chron.com,Female,140.2.87.205
348,Lurleen,Clausson,lclausson9n@wired.com,Female,2.139.35.124
349,Marshall,Schroeder,mschroeder9o@hexun.com,Male,2.3.22.199
350,Stephannie,Filyushkin,sfilyushkin9p@latimes.com,Female,203.46.158.19
351,Goldarina,Shufflebotham,gshufflebotham9q@tinyurl.com,Female,123.97.14.231
352,Stefa,Dobey,sdobey9r@twitter.com,Female,40.80.206.185
353,Melina,Gosling,mgosling9s@omniture.com,Bigender,2.205.1.39
354,Demetria,Tabbernor,dtabbernor9t@jimdo.com,Female,23.2.83.147
355,Courtney,Raggitt,craggitt9u@reuters.com,Male,160.175.105.234
356,Ruby,Becks,rbecks9v@comsenz.com,Female,167.84.166.245
357,Burke,Upshall,bupshall9w@goo.ne.jp,Male,149.204.133.24
358,Franchot,Lippiello,flippiello9x@washington.edu,Male,14.158.223.152
359,Hyacinthie,Correa,hcorrea9y@infoseek.co.jp,Female,71.220.185.32
360,Auroora,Sirl,asirl9z@google.cn,Polygender,69.170.22.42
361,Kennan,Stanaway,kstanawaya0@hhs.gov,Male,254.219.211.143
362,Town,Dibbin,tdibbina1@sfgate.com,Male,182.73.134.253
363,Traci,Gettens,tgettensa2@mtv.com,Female,234.178.107.229
364,Link,Bolderson,lboldersona3@cam.ac.uk,Male,125.71.209.227
365,Elnore,Brettor,ebrettora4@technorati.com,Female,237.174.168.51
366,Adolphe,Abad,aabada5@dot.gov,Male,246.84.185.74
367,Saxe,Baroc,sbaroca6@behance.net,Male,216.220.89.103
368,Tobit,Beardmore,tbeardmorea7@newyorker.com,Male,125.247.113.229
369,Jo,Isham,jishama8@intel.com,Female,75.220.162.238
370,Andriette,Gumary,agumarya9@yale.edu,Non-binary,98.80.120.235
371,Angelina,Regorz,aregorzaa@census.gov,Female,9.37.215.251
372,Trip,Edeson,tedesonab@digg.com,Non-binary,119.203.168.136
373,Lyndell,Izhakov,lizhakovac@cbsnews.com,Female,11.56.60.143
374,Dasie,Loughman,dloughmanad@ucsd.edu,Female,134.45.103.20
375,Martie,Shalcras,mshalcrasae@opera.com,Male,210.128.222.2
376,Isiahi,Burkman,iburkmanaf@instagram.com,Male,89.68.216.213
377,Zabrina,Gilhespy,zgilhespyag@epa.gov,Female,7.28.220.78
378,Gustav,Michiel,gmichielah@oracle.com,Male,14.117.219.52
379,Joanne,Clyne,jclyneai@blog.com,Female,69.163.115.216
380,Justin,Batson,jbatsonaj@studiopress.com,Male,79.11.66.112
381,Angie,Kupper,akupperak@gnu.org,Male,163.181.37.59
382,Roberto,Gresswell,rgresswellal@chicagotribune.com,Male,58.211.124.40
383,Vassili,Caunce,vcaunceam@etsy.com,Male,229.122.138.186
384,Bradford,Marriner,bmarrineran@ezinearticles.com,Male,75.224.176.232
385,Cherish,Plumbridge,cplumbridgeao@printfriendly.com,Female,121.139.45.25
386,Garrott,Tavener,gtavenerap@europa.eu,Male,99.147.157.183
387,Iolanthe,Shellcross,ishellcrossaq@theglobeandmail.com,Female,166.138.16.229
388,Dunc,Fraser,dfraserar@wikia.com,Male,214.20.173.136
389,Etan,Gynne,egynneas@reference.com,Male,155.33.107.218
390,Guglielma,Bernade,gbernadeat@ning.com,Agender,159.184.126.166
391,Alexander,Perfect,aperfectau@quantcast.com,Male,1.229.252.121
392,Liana,Rosi,lrosiav@webs.com,Female,43.207.191.210
393,Sandi,McKeown,smckeownaw@posterous.com,Female,241.27.5.45
394,Laurie,Houndsom,lhoundsomax@blogspot.com,Female,19.156.144.40
395,Cinda,Gellier,cgellieray@networkadvertising.org,Female,22.54.186.135
396,Myrtie,Lorkins,mlorkinsaz@hp.com,Female,87.206.132.213
397,Lewiss,Semrad,lsemradb0@utexas.edu,Male,118.253.1.67
398,Obie,Redmore,oredmoreb1@ucoz.ru,Male,112.17.147.162
399,Brianne,Overell,boverellb2@dell.com,Female,12.121.63.1
400,Mel,Hedan,mhedanb3@noaa.gov,Agender,83.236.27.85
401,Minette,Sisland,msislandb4@stanford.edu,Female,191.111.67.187
402,Dante,Larmet,dlarmetb5@shop-pro.jp,Male,250.92.162.227
403,Jule,Furst,jfurstb6@yahoo.co.jp,Male,46.31.205.103
404,Crysta,Klaff,cklaffb7@parallels.com,Female,126.62.233.97
405,Norris,Amoss,namossb8@comcast.net,Male,37.134.36.94
406,Nollie,Timson,ntimsonb9@360.cn,Male,66.37.146.216
407,Hershel,Iacomo,hiacomoba@springer.com,Male,132.182.211.103
408,Tiffie,Jurewicz,tjurewiczbb@histats.com,Female,214.145.102.20
409,Oberon,Cobbled,ocobbledbc@java.com,Male,112.121.30.59
410,Garrot,O'Feeny,gofeenybd@geocities.com,Male,132.205.230.87
411,Ramsay,Giddons,rgiddonsbe@redcross.org,Male,2.116.76.50
412,Verine,Thorsby,vthorsbybf@discuz.net,Female,6.167.52.21
413,Verney,Baroch,vbarochbg@ucsd.edu,Agender,12.189.241.248
414,Ryley,Freer,rfreerbh@imageshack.us,Male,2.242.227.204
415,Herculie,Acum,hacumbi@europa.eu,Male,231.140.72.228
416,Nara,Wolstenholme,nwolstenholmebj@sogou.com,Female,7.44.161.2
417,Ruperto,Harkus,rharkusbk@privacy.gov.au,Male,45.19.154.214
418,Carlyn,Storkes,cstorkesbl@wikispaces.com,Female,203.255.6.144
419,Tommy,Grandin,tgrandinbm@google.com.hk,Female,15.161.144.81
420,Law,Winsper,lwinsperbn@histats.com,Male,190.124.223.71
421,Hank,Bilston,hbilstonbo@dion.ne.jp,Male,38.84.3.133
422,Ethe,Tale,etalebp@blogspot.com,Male,132.253.85.133
423,Ardyth,Gosenell,agosenellbq@twitpic.com,Female,213.8.122.162
424,Pincas,Riveles,privelesbr@amazonaws.com,Polygender,243.57.43.151
425,Gilberto,Lavrinov,glavrinovbs@sourceforge.net,Male,17.88.29.64
426,Annis,Risdall,arisdallbt@cam.ac.uk,Female,199.59.49.59
427,Lory,Gencke,lgenckebu@tripadvisor.com,Female,169.113.174.139
428,Valery,Ashleigh,vashleighbv@histats.com,Female,235.32.194.234
429,Artie,Verheijden,averheijdenbw@edublogs.org,Male,12.3.199.188
430,Sheilah,Canas,scanasbx@theatlantic.com,Female,17.235.226.215
431,Wally,Laidler,wlaidlerby@about.me,Female,224.155.119.150
432,Ruprecht,Anslow,ranslowbz@webeden.co.uk,Male,125.50.194.91
433,Toni,Pinock,tpinockc0@people.com.cn,Female,145.255.14.204
434,Nicoline,Giovannardi,ngiovannardic1@addtoany.com,Female,246.14.131.83
435,Rochester,Lansdown,rlansdownc2@ezinearticles.com,Male,132.204.211.78
436,Andrey,Girling,agirlingc3@nps.gov,Male,155.249.149.222
437,Corbin,Ovell,covellc4@cnbc.com,Male,239.21.18.16
438,Nicholas,Fradgley,nfradgleyc5@nbcnews.com,Male,34.244.177.75
439,Miran,Hoogendorp,mhoogendorpc6@fema.gov,Female,183.199.252.29
440,Fabian,Pyner,fpynerc7@bluehost.com,Male,59.173.164.158
441,Bette,Romao,bromaoc8@china.com.cn,Agender,84.76.109.223
442,Bryanty,Wileman,bwilemanc9@eepurl.com,Male,12.209.117.6
443,Randolph,Hartigan,rhartiganca@irs.gov,Male,0.5.53.21
444,Julio,Bantick,jbantickcb@state.tx.us,Male,185.88.140.215
445,Gretal,Powner,gpownercc@mozilla.org,Female,31.115.150.167
446,Federico,Penritt,fpenrittcd@lycos.com,Male,14.190.129.43
447,Beale,Zanetto,bzanettoce@scientificamerican.com,Male,205.4.143.186
448,Tracey,Mateo,tmateocf@cbsnews.com,Male,53.195.136.129
449,Abdel,Rames,aramescg@bloglines.com,Male,63.166.16.121
450,Siouxie,Condliffe,scondliffech@google.it,Female,198.218.176.111
451,Missy,Letrange,mletrangeci@goo.gl,Female,55.41.6.224
452,Thalia,Larmett,tlarmettcj@gizmodo.com,Female,63.139.28.200
453,Twyla,Leipelt,tleipeltck@csmonitor.com,Female,92.211.39.16
454,Billie,Mattinson,bmattinsoncl@tinypic.com,Female,3.3.216.3
455,Ruttger,Crumly,rcrumlycm@senate.gov,Male,243.65.198.158
456,Pollyanna,Kall,pkallcn@yellowpages.com,Female,101.99.248.52
457,Tanner,Halpen,thalpenco@liveinternet.ru,Male,223.55.171.235
458,Lauraine,Mulvany,lmulvanycp@arstechnica.com,Female,60.231.1.185
459,Benedict,Wynter,bwyntercq@studiopress.com,Male,199.88.130.249
460,Jed,Scarlett,jscarlettcr@canalblog.com,Male,131.118.200.190
461,Tedda,Di Angelo,tdiangelocs@prlog.org,Female,102.187.36.173
462,Anastassia,Bunclark,abunclarkct@soup.io,Female,24.251.153.71
463,Blondell,Hogbourne,bhogbournecu@walmart.com,Female,250.95.163.16
464,Banky,Brosi,bbrosicv@dagondesign.com,Male,121.204.98.229
465,Kahlil,Croix,kcroixcw@webeden.co.uk,Male,128.50.81.77
466,Karolina,Wathey,kwatheycx@msn.com,Female,68.175.78.59
467,Wynn,Kristoffersen,wkristoffersency@reddit.com,Female,183.238.141.97
468,Eolande,Whitehurst,ewhitehurstcz@pagesperso-orange.fr,Female,90.212.80.124
469,Robbi,Pembery,rpemberyd0@npr.org,Female,234.102.61.172
470,Juliana,Billham,jbillhamd1@examiner.com,Female,39.214.178.227
471,Burnaby,Blakeslee,bblakesleed2@paypal.com,Male,243.107.129.82
472,Ruthanne,Goodlett,rgoodlettd3@fda.gov,Female,107.21.30.135
473,Zorah,Stickles,zsticklesd4@google.com.br,Female,211.142.192.37
474,Meyer,MacKey,mmackeyd5@chron.com,Male,112.28.228.237
475,Ilka,Arnaez,iarnaezd6@cdbaby.com,Female,46.131.75.3
476,Ignace,Jeste,ijested7@adobe.com,Male,103.159.9.101
477,Husein,Carlick,hcarlickd8@taobao.com,Male,19.140.57.54
478,Constance,Arnefield,carnefieldd9@1und1.de,Female,209.241.153.60
479,Evvy,Lehemann,elehemannda@smh.com.au,Non-binary,134.95.140.102
480,Jeno,Blaschek,jblaschekdb@t-online.de,Male,174.86.142.154
481,Evangelin,Emsley,eemsleydc@feedburner.com,Female,93.154.7.30
482,Emmi,Parry,eparrydd@fema.gov,Female,194.107.119.82
483,Frederick,Purver,fpurverde@discovery.com,Male,178.83.140.9
484,Teresina,Prattington,tprattingtondf@stanford.edu,Female,85.251.138.107
485,Sheelagh,Creaven,screavendg@blogs.com,Female,196.52.104.37
486,Tilly,Coard,tcoarddh@symantec.com,Female,223.154.24.37
487,Oralie,Message,omessagedi@xrea.com,Female,25.196.58.214
488,Hadleigh,Hrinchishin,hhrinchishindj@vkontakte.ru,Male,243.56.30.178
489,Emili,McMains,emcmainsdk@hubpages.com,Genderfluid,129.121.72.21
490,Yuri,Cruickshank,ycruickshankdl@oracle.com,Male,46.234.202.84
491,Cammy,Syder,csyderdm@craigslist.org,Male,253.208.33.58
492,Curcio,Watters,cwattersdn@purevolume.com,Male,50.22.165.36
493,Renae,Salzberger,rsalzbergerdo@vkontakte.ru,Female,27.182.228.98
494,Hilliary,Jose,hjosedp@arstechnica.com,Female,177.42.190.176
495,Danie,Rodear,drodeardq@mail.ru,Male,53.144.76.4
496,Ekaterina,Birchill,ebirchilldr@tripadvisor.com,Female,241.229.190.7
497,Trix,Langstone,tlangstoneds@goodreads.com,Female,177.106.56.53
498,Theodor,Pogue,tpoguedt@feedburner.com,Male,135.48.157.214
499,Ad,McNeish,amcneishdu@sina.com.cn,Agender,21.78.49.99
500,Delainey,Twitching,dtwitchingdv@weibo.com,Male,105.172.8.81
501,Sauveur,Pranger,sprangerdw@examiner.com,Male,147.73.166.66
502,Sumner,Wimmer,swimmerdx@seesaa.net,Male,39.144.224.10
503,Lisetta,Serjeant,lserjeantdy@netlog.com,Female,81.0.118.32
504,Sigvard,Gerding,sgerdingdz@example.com,Male,96.105.92.209
505,Felicity,Emmison,femmisone0@livejournal.com,Female,196.19.31.113
506,Winona,Andrys,wandryse1@yale.edu,Female,43.232.236.170
507,Joane,Dun,jdune2@seattletimes.com,Female,94.88.77.80
508,Derrek,Mannering,dmanneringe3@google.nl,Male,78.67.235.91
509,Ring,MacGillicuddy,rmacgillicuddye4@dot.gov,Male,222.203.242.41
510,Lynde,Fontin,lfontine5@themeforest.net,Genderfluid,2.149.169.111
511,Marya,Pfaff,mpfaffe6@artisteer.com,Genderqueer,193.198.13.54
512,Paco,Kaplan,pkaplane7@mtv.com,Male,126.85.252.55
513,Frederik,Raisher,fraishere8@unicef.org,Male,49.93.236.104
514,Ermanno,Minshaw,eminshawe9@google.com.au,Male,26.47.17.121
515,Shirline,Rudge,srudgeea@nps.gov,Female,150.98.227.0
516,Othilie,Lear,oleareb@technorati.com,Genderfluid,197.88.254.123
517,Robbyn,Ruppel,rruppelec@mlb.com,Female,234.129.29.234
518,Madelle,Sparke,msparkeed@paypal.com,Female,146.65.253.143
519,Richmond,Chamberlaine,rchamberlaineee@w3.org,Male,10.145.142.68
520,Gris,Lorenzini,glorenzinief@biblegateway.com,Male,170.70.61.47
521,Estele,Meynell,emeynelleg@tamu.edu,Female,232.81.30.232
522,Zebadiah,Axelby,zaxelbyeh@webmd.com,Male,173.216.80.85
523,Winifred,Pleasants,wpleasantsei@ovh.net,Agender,228.160.17.159
524,Corinne,Boots,cbootsej@huffingtonpost.com,Female,200.198.36.55
525,Dare,Beardsdale,dbeardsdaleek@tinyurl.com,Male,160.72.229.164
526,Kellsie,Cowton,kcowtonel@google.it,Female,199.201.144.117
527,Jocelyne,Netherwood,jnetherwoodem@rediff.com,Female,158.11.161.23
528,Sheffy,Redmond,sredmonden@java.com,Male,12.56.222.216
529,Abram,MacWilliam,amacwilliameo@imageshack.us,Male,112.218.52.147
530,Der,Badland,dbadlandep@rakuten.co.jp,Male,102.147.207.37
531,Linet,Grewar,lgrewareq@google.nl,Female,204.220.95.241
532,Orton,Temprell,otempreller@nature.com,Male,5.234.74.245
533,Nanni,Warboys,nwarboyses@furl.net,Female,90.92.30.138
534,Anne-corinne,Purchase,apurchaseet@slideshare.net,Female,144.103.91.198
535,Rosette,Sobtka,rsobtkaeu@bloglines.com,Female,114.207.245.239
536,Rici,Winchcum,rwinchcumev@ftc.gov,Female,197.123.172.64
537,Yvon,Wasson,ywassonew@nba.com,Male,39.212.226.41
538,Zolly,Raison,zraisonex@arstechnica.com,Male,110.208.178.196
539,Lucien,Tomanek,ltomanekey@creativecommons.org,Male,31.220.109.22
540,Eamon,Sigge,esiggeez@sun.com,Male,7.103.55.138
541,Gwennie,Jeandin,gjeandinf0@foxnews.com,Female,51.76.168.252
542,Reamonn,Jedraszek,rjedraszekf1@bbb.org,Male,251.251.114.91
543,Bruce,Raffan,braffanf2@shutterfly.com,Male,11.69.57.225
544,Curry,Skynner,cskynnerf3@com.com,Male,51.237.181.141
545,Robbie,Grattan,rgrattanf4@shutterfly.com,Female,146.179.132.102
546,Gaston,Ridhole,gridholef5@senate.gov,Male,52.156.141.29
547,Debora,Sarchwell,dsarchwellf6@pagesperso-orange.fr,Female,137.94.112.211
548,Imogene,Bullman,ibullmanf7@com.com,Female,180.104.207.237
549,Leandra,Crickmer,lcrickmerf8@shinystat.com,Female,193.12.109.231
550,Cordie,Feasby,cfeasbyf9@chicagotribune.com,Female,72.120.176.174
551,Natasha,Challiss,nchallissfa@delicious.com,Bigender,18.42.6.254
552,Vanessa,Gniewosz,vgniewoszfb@jimdo.com,Female,36.182.226.44
553,Marj,Diperaus,mdiperausfc@nydailynews.com,Female,218.16.94.198
554,Chaunce,Kynd,ckyndfd@sciencedaily.com,Male,58.118.75.243
555,Anni,Wyvill,awyvillfe@abc.net.au,Female,128.232.225.131
556,Giffie,Walmsley,gwalmsleyff@craigslist.org,Male,251.168.19.184
557,Jim,Benardeau,jbenardeaufg@cnbc.com,Male,46.224.146.123
558,Denis,Hallin,dhallinfh@arstechnica.com,Male,218.167.0.112
559,Barrett,Dorian,bdorianfi@bluehost.com,Male,155.96.163.42
560,Oriana,Birckmann,obirckmannfj@hibu.com,Female,225.10.188.107
561,Beau,Baldetti,bbaldettifk@usgs.gov,Male,125.160.111.137
562,Montgomery,Sixsmith,msixsmithfl@paginegialle.it,Male,186.106.86.204
563,Hakeem,Phillcock,hphillcockfm@slashdot.org,Male,162.33.211.84
564,Margaretha,Moralee,mmoraleefn@live.com,Female,58.204.211.62
565,Jeremias,Humby,jhumbyfo@webeden.co.uk,Male,154.124.70.7
566,Benita,Chesher,bchesherfp@sitemeter.com,Female,76.60.184.116
567,Emmanuel,Dossit,edossitfq@imdb.com,Male,231.54.99.168
568,Marsha,Scraney,mscraneyfr@redcross.org,Female,195.62.30.205
569,Randie,Bene,rbenefs@seesaa.net,Male,135.14.184.255
570,Charil,Norheny,cnorhenyft@disqus.com,Female,212.67.174.200
571,Glynnis,Archbald,garchbaldfu@washington.edu,Female,63.48.194.26
572,Bethanne,Niaves,bniavesfv@google.com.br,Female,218.120.97.158
573,Christoph,Goldsbrough,cgoldsbroughfw@upenn.edu,Male,246.65.198.225
574,Jaine,Cumberbatch,jcumberbatchfx@scribd.com,Female,34.52.45.128
575,Hogan,Tinkler,htinklerfy@spiegel.de,Male,250.59.162.45
576,Jimmie,Chicco,jchiccofz@usnews.com,Male,187.165.184.177
577,Bonni,McLucky,bmcluckyg0@mediafire.com,Female,36.7.104.58
578,Melinde,Ilyuchyov,milyuchyovg1@youtube.com,Female,181.141.90.230
579,Wiatt,Zuenelli,wzuenellig2@homestead.com,Genderqueer,55.152.164.254
580,Rahel,Smithies,rsmithiesg3@people.com.cn,Female,68.221.49.60
581,Anna-diana,Vinter,avinterg4@furl.net,Female,198.28.145.35
582,Clive,Comettoi,ccomettoig5@pagesperso-orange.fr,Male,223.44.112.251
583,Brittney,Ginn,bginng6@prnewswire.com,Female,25.29.50.217
584,Sande,Humpherston,shumpherstong7@nsw.gov.au,Female,214.100.178.183
585,Jon,McRitchie,jmcritchieg8@com.com,Male,94.11.118.37
586,Christophe,Cardno,ccardnog9@bravesites.com,Genderqueer,251.186.212.61
587,Temple,Congreave,tcongreavega@xinhuanet.com,Male,218.214.203.179
588,Cull,Thurlbeck,cthurlbeckgb@liveinternet.ru,Male,130.224.217.70
589,Aleece,Auchinleck,aauchinleckgc@bloomberg.com,Female,75.121.245.66
590,Madelin,Picheford,mpichefordgd@hubpages.com,Female,81.238.123.95
591,Alyce,Monkleigh,amonkleighge@drupal.org,Female,67.6.232.49
592,Delmer,Crosseland,dcrosselandgf@google.com.br,Male,205.230.9.123
593,Correy,Fierman,cfiermangg@disqus.com,Male,26.13.131.117
594,Amitie,Assur,aassurgh@irs.gov,Female,206.26.218.136
595,Welsh,Blythin,wblythingi@spiegel.de,Male,119.63.152.226
596,Natty,Malim,nmalimgj@g.co,Male,36.197.163.214
597,Pooh,Grievson,pgrievsongk@telegraph.co.uk,Female,222.135.148.181
598,Chelsae,Nursey,cnurseygl@delicious.com,Female,220.130.33.87
599,Randy,Coste,rcostegm@youtu.be,Male,252.116.179.4
600,Tanitansy,Mitten,tmittengn@usgs.gov,Female,122.158.74.199
601,Lucian,Ayers,layersgo@sogou.com,Male,223.39.203.223
602,Kerwinn,Frankema,kfrankemagp@meetup.com,Male,152.237.162.134
603,Randie,Rattenberie,rrattenberiegq@google.co.uk,Female,179.20.39.125
604,Pinchas,Orgee,porgeegr@opensource.org,Male,214.86.178.35
605,Lyman,Waberer,lwaberergs@feedburner.com,Male,61.37.52.177
606,Kenton,Aspenlon,kaspenlongt@eepurl.com,Male,141.85.94.115
607,Raphael,Garoghan,rgaroghangu@woothemes.com,Male,134.182.159.54
608,Frederik,Veare,fvearegv@stanford.edu,Agender,233.18.171.73
609,Ronna,Aizic,raizicgw@cbslocal.com,Female,67.120.194.251
610,Mace,Tumber,mtumbergx@unesco.org,Male,156.51.25.254
611,Antoni,Gurnay,agurnaygy@tmall.com,Male,102.245.7.118
612,Essie,Gecks,egecksgz@symantec.com,Female,153.136.155.92
613,Berton,Dudny,bdudnyh0@ibm.com,Male,54.124.183.119
614,Marisa,Wayon,mwayonh1@soup.io,Genderfluid,30.62.224.38
615,Leon,Wallen,lwallenh2@homestead.com,Male,206.45.157.44
616,Saundra,Kobera,skoberah3@wunderground.com,Female,214.31.163.171
617,Gayle,Margery,gmargeryh4@scientificamerican.com,Female,152.114.29.53
618,Emmery,Stading,estadingh5@webeden.co.uk,Male,173.227.226.206
619,Ardath,Birchenhead,abirchenheadh6@youku.com,Female,19.237.183.84
620,Page,Cunningham,pcunninghamh7@howstuffworks.com,Male,147.214.104.36
621,Reagan,Beardwell,rbeardwellh8@reference.com,Male,33.78.194.135
622,Fabio,Lightwing,flightwingh9@t.co,Male,12.68.150.59
623,Antoine,Lanchbery,alanchberyha@princeton.edu,Male,206.21.149.190
624,Tommie,Havoc,thavochb@omniture.com,Male,216.240.210.147
625,Agosto,Bohills,abohillshc@wsj.com,Male,147.186.240.111
626,Bertie,Andresser,bandresserhd@paypal.com,Bigender,145.47.176.252
627,Ferdy,Randell,frandellhe@list-manage.com,Male,175.1.245.146
628,Lyon,Macourek,lmacourekhf@tinyurl.com,Genderqueer,170.164.0.208
629,Flossy,Dowe,fdowehg@google.nl,Female,67.162.71.61
630,Kathye,Trapp,ktrapphh@gizmodo.com,Female,222.191.94.85
631,Tam,Salkeld,tsalkeldhi@kickstarter.com,Male,181.115.233.191
632,Kalinda,Bernakiewicz,kbernakiewiczhj@hatena.ne.jp,Female,164.41.251.21
633,Kiri,MacGarrity,kmacgarrityhk@spiegel.de,Female,84.249.101.145
634,Doreen,Kibbel,dkibbelhl@clickbank.net,Female,2.125.55.65
635,Meade,Churn,mchurnhm@domainmarket.com,Female,67.179.80.158
636,Emanuele,Lewendon,elewendonhn@bravesites.com,Male,151.57.220.188
637,Ramsey,Barts,rbartsho@friendfeed.com,Male,83.35.65.143
638,Kearney,Isacq,kisacqhp@rakuten.co.jp,Male,54.41.48.149
639,Claudine,Sylvaine,csylvainehq@icq.com,Female,7.29.96.251
640,Joelie,Agostini,jagostinihr@eventbrite.com,Female,234.100.190.203
641,Sandy,Cantillon,scantillonhs@digg.com,Male,90.142.142.48
642,Wilmer,Getch,wgetchht@homestead.com,Male,95.219.202.52
643,Barny,Sefton,bseftonhu@sogou.com,Male,214.92.231.186
644,Essa,Le Conte,elecontehv@themeforest.net,Female,145.194.221.219
645,Zed,Edinborough,zedinboroughhw@geocities.jp,Male,255.74.210.247
646,Shayne,Oxterby,soxterbyhx@github.com,Male,193.118.234.131
647,Janeta,Malyj,jmalyjhy@studiopress.com,Female,169.112.44.163
648,Niko,Clynman,nclynmanhz@godaddy.com,Male,236.234.151.194
649,Sutherlan,Bainton,sbaintoni0@pcworld.com,Male,103.160.159.228
650,Flor,Eagers,feagersi1@woothemes.com,Female,115.92.175.84
651,Hatti,Sieur,hsieuri2@google.es,Female,152.85.156.130
652,Flory,Gulland,fgullandi3@istockphoto.com,Female,175.124.215.122
653,Carmel,McRorie,cmcroriei4@ebay.com,Female,232.31.236.122
654,Frederigo,Smewin,fsmewini5@tripadvisor.com,Male,217.115.252.234
655,Tandi,Taillard,ttaillardi6@prnewswire.com,Female,195.19.56.83
656,Adam,Fedorchenko,afedorchenkoi7@shinystat.com,Genderqueer,255.252.206.149
657,Eirena,Parell,eparelli8@bloglines.com,Female,62.109.32.38
658,Tally,Skinley,tskinleyi9@exblog.jp,Male,158.228.127.249
659,Enoch,Insall,einsallia@t.co,Male,105.9.185.99
660,Kerrin,Northidge,knorthidgeib@eventbrite.com,Female,226.164.65.178
661,Hercules,Stokey,hstokeyic@ustream.tv,Male,95.29.102.202
662,Tammy,Ollive,tolliveid@booking.com,Female,110.165.69.238
663,Doroteya,Colpus,dcolpusie@xrea.com,Female,17.144.245.133
664,Bartram,Burnand,bburnandif@mit.edu,Male,235.54.242.21
665,Allie,Donaldson,adonaldsonig@naver.com,Male,173.150.112.108
666,Windham,Callery,wcalleryih@dagondesign.com,Male,181.43.71.166
667,Leelah,Inchboard,linchboardii@dion.ne.jp,Female,207.18.141.5
668,Megen,Lawden,mlawdenij@chicagotribune.com,Female,77.143.43.115
669,Wendye,McGarvie,wmcgarvieik@godaddy.com,Female,21.163.148.126
670,Maggee,Hankey,mhankeyil@seattletimes.com,Female,88.187.200.104
671,Mordy,Wadforth,mwadforthim@addthis.com,Male,73.40.96.58
672,Annemarie,Carrel,acarrelin@slideshare.net,Female,190.11.22.148
673,Jeanna,Schusterl,jschusterlio@php.net,Female,229.45.212.80
674,Payton,Gibard,pgibardip@noaa.gov,Bigender,63.152.0.162
675,Domenic,Twaits,dtwaitsiq@photobucket.com,Male,83.244.124.193
676,Edmon,Baldacco,ebaldaccoir@home.pl,Male,244.53.229.91
677,Xylina,Ricarde,xricardeis@mtv.com,Female,182.99.201.230
678,Griffie,McKiernan,gmckiernanit@gravatar.com,Male,22.94.92.141
679,Marjory,Louis,mlouisiu@deliciousdays.com,Polygender,131.105.221.157
680,Nevile,Buttfield,nbuttfieldiv@latimes.com,Male,168.17.245.94
681,Byran,Brindle,bbrindleiw@cpanel.net,Male,180.228.179.150
682,Ronald,Paradin,rparadinix@utexas.edu,Male,216.56.8.30
683,Joanne,Yesinin,jyesininiy@craigslist.org,Female,94.158.90.147
684,Walton,Moulsdall,wmoulsdalliz@house.gov,Male,18.67.223.146
685,Davy,Ashforth,dashforthj0@free.fr,Male,134.188.19.249
686,Giovanni,Coveney,gcoveneyj1@godaddy.com,Male,187.227.189.62
687,Costanza,Pacquet,cpacquetj2@hud.gov,Female,190.44.70.169
688,Vivian,Jerdan,vjerdanj3@acquirethisname.com,Female,111.185.39.17
689,Rowena,Dignam,rdignamj4@mozilla.org,Female,6.224.45.14
690,Rina,Heppenspall,rheppenspallj5@squarespace.com,Female,186.151.209.73
691,Ernestus,Losemann,elosemannj6@thetimes.co.uk,Male,231.200.33.165
692,Melinda,Coping,mcopingj7@privacy.gov.au,Female,100.83.208.151
693,Catherin,Micklewicz,cmicklewiczj8@theguardian.com,Female,233.46.94.116
694,Jenilee,Capitano,jcapitanoj9@freewebs.com,Female,2.154.131.104
695,Dedie,Tarburn,dtarburnja@utexas.edu,Female,125.53.14.36
696,Norry,Rykert,nrykertjb@soup.io,Female,95.229.138.73
697,Ring,Waddilove,rwaddilovejc@surveymonkey.com,Male,89.203.32.206
698,Brandais,Hallowes,bhallowesjd@cnbc.com,Female,47.212.136.176
699,Rae,Dinis,rdinisje@lulu.com,Female,250.89.119.52
700,Margarete,Dawidowitz,mdawidowitzjf@who.int,Female,236.147.9.82
701,Massimo,Meuse,mmeusejg@adobe.com,Male,124.150.190.77
702,Markos,Ouldcott,mouldcottjh@goo.ne.jp,Male,239.166.216.211
703,Cornelius,Messom,cmessomji@vimeo.com,Agender,223.241.89.53
704,Conway,Sander,csanderjj@timesonline.co.uk,Male,21.142.1.191
705,Skip,Egdal,segdaljk@oracle.com,Male,161.211.173.245
706,Manny,Vasenkov,mvasenkovjl@unesco.org,Male,36.43.21.253
707,Frazer,Bridgett,fbridgettjm@merriam-webster.com,Male,251.94.10.7
708,Althea,Ginnell,aginnelljn@liveinternet.ru,Female,20.126.62.67
709,Marie,Rymmer,mrymmerjo@hibu.com,Female,35.13.137.225
710,Lewes,Kensett,lkensettjp@123-reg.co.uk,Male,76.224.212.68
711,Maddie,McTrustey,mmctrusteyjq@jugem.jp,Male,107.217.63.85
712,Gail,Ackrill,gackrilljr@illinois.edu,Male,227.95.9.230
713,Aloysia,Witherbed,awitherbedjs@people.com.cn,Female,155.243.243.6
714,Tove,Ilsley,tilsleyjt@nationalgeographic.com,Female,35.64.160.139
715,Lil,Gluyus,lgluyusju@umich.edu,Agender,64.3.240.86
716,Harriett,Wailes,hwailesjv@sourceforge.net,Female,82.214.38.76
717,Celinka,Nowakowski,cnowakowskijw@intel.com,Female,30.85.210.215
718,Margalo,Cunah,mcunahjx@eepurl.com,Female,200.1.185.218
719,Kilian,Klosges,kklosgesjy@barnesandnoble.com,Male,16.32.41.142
720,Coriss,Sykora,csykorajz@fastcompany.com,Bigender,83.173.143.91
721,Tallie,Hatchett,thatchettk0@microsoft.com,Male,199.145.122.125
722,Renell,Huffa,rhuffak1@washingtonpost.com,Female,197.169.85.98
723,Buffy,Alabastar,balabastark2@comcast.net,Female,142.0.102.207
724,Gregorius,Durham,gdurhamk3@nature.com,Male,173.196.126.142
725,Klarrisa,Heinel,kheinelk4@java.com,Female,96.58.42.96
726,Mallissa,Tiler,mtilerk5@earthlink.net,Female,2.227.150.7
727,Ransell,Geindre,rgeindrek6@accuweather.com,Male,169.211.195.116
728,Caz,Josefsohn,cjosefsohnk7@storify.com,Male,78.189.226.142
729,Rebeca,Conklin,rconklink8@4shared.com,Female,218.255.46.246
730,Hortense,Corradini,hcorradinik9@scribd.com,Female,13.103.126.10
731,Bern,Langtry,blangtryka@prweb.com,Male,25.151.155.39
732,Janela,Romanski,jromanskikb@gnu.org,Female,31.214.44.112
733,Gwennie,Fiddy,gfiddykc@rakuten.co.jp,Female,234.162.252.92
734,Dinah,Ornells,dornellskd@aol.com,Female,17.190.209.215
735,Augy,Sutherby,asutherbyke@merriam-webster.com,Genderqueer,42.121.164.245
736,Corry,Kinsell,ckinsellkf@yellowpages.com,Female,128.143.139.198
737,Elke,Tothacot,etothacotkg@dropbox.com,Female,63.15.125.254
738,Albie,Najara,anajarakh@goo.gl,Male,206.147.187.67
739,Parrnell,McLeman,pmclemanki@elpais.com,Male,128.177.69.137
740,Douglass,Salters,dsalterskj@hexun.com,Male,59.9.2.158
741,Eran,Brisker,ebriskerkk@mashable.com,Female,23.31.211.125
742,Lynett,Muckersie,lmuckersiekl@yale.edu,Female,129.93.138.54
743,Bartholemy,Cornejo,bcornejokm@51.la,Male,24.102.71.157
744,Raffaello,Mateescu,rmateescukn@mlb.com,Male,177.42.113.12
745,Melvin,Metson,mmetsonko@mail.ru,Male,56.77.163.224
746,Rinaldo,Mc Meekan,rmcmeekankp@loc.gov,Male,70.140.164.142
747,Anthea,Bruyett,abruyettkq@newyorker.com,Female,179.22.210.248
748,Sheppard,Shooter,sshooterkr@fda.gov,Male,157.130.254.184
749,Zoe,Claworth,zclaworthks@cnn.com,Female,203.104.1.181
750,Graig,Davidovic,gdavidovickt@irs.gov,Male,254.126.75.56
751,Michaela,Champley,mchampleyku@wunderground.com,Female,10.223.76.243
752,Arabel,Stolting,astoltingkv@imageshack.us,Female,146.203.220.211
753,Cosette,Rajchert,crajchertkw@home.pl,Female,126.220.1.172
754,Merrily,Minker,mminkerkx@reference.com,Female,228.106.234.91
755,Felecia,Readwin,freadwinky@themeforest.net,Female,10.217.103.58
756,Lisette,O'Hoolahan,lohoolahankz@wikia.com,Female,165.20.229.160
757,Charyl,Broadway,cbroadwayl0@vimeo.com,Female,187.201.156.225
758,Violette,Fantone,vfantonel1@t-online.de,Female,196.242.104.113
759,Angelina,Aizik,aaizikl2@friendfeed.com,Female,154.215.65.144
760,Fleur,Brozek,fbrozekl3@moonfruit.com,Female,193.123.82.225
761,Linus,Kellett,lkellettl4@utexas.edu,Male,85.20.52.152
762,Terese,Curson,tcursonl5@chronoengine.com,Female,161.130.245.251
763,Dexter,Haggata,dhaggatal6@pagesperso-orange.fr,Male,9.15.104.199
764,Lodovico,Frankowski,lfrankowskil7@soup.io,Male,142.56.229.52
765,Jamie,Cornall,jcornalll8@businesswire.com,Female,12.44.228.154
766,Calv,Castellini,ccastellinil9@cnet.com,Male,49.214.53.184
767,Sly,Arnholdt,sarnholdtla@illinois.edu,Male,250.245.183.105
768,Alexa,Horley,ahorleylb@earthlink.net,Female,47.82.139.237
769,Aland,Mattack,amattacklc@weather.com,Male,95.13.19.163
770,Rosana,Cordelle,rcordelleld@discuz.net,Female,222.34.91.118
771,Reinold,Eivers,reiversle@bravesites.com,Male,80.51.24.109
772,Carissa,Seawright,cseawrightlf@ask.com,Female,142.188.63.182
773,Lorne,Whitehead,lwhiteheadlg@myspace.com,Male,250.144.216.110
774,Clotilda,Cabotto,ccabottolh@oracle.com,Female,23.199.52.147
775,Giacobo,Peatman,gpeatmanli@amazon.de,Male,43.124.27.122
776,Kelcey,Peggram,kpeggramlj@dropbox.com,Female,202.59.119.1
777,Sophia,Congdon,scongdonlk@stanford.edu,Genderfluid,81.124.111.185
778,Abran,Andersson,aanderssonll@livejournal.com,Male,49.55.149.4
779,Easter,Twycross,etwycrosslm@dropbox.com,Female,59.243.209.183
780,Jena,Klimschak,jklimschakln@reuters.com,Female,103.193.254.176
781,Symon,Danbury,sdanburylo@bing.com,Male,134.147.137.137
782,Gleda,Kelemen,gkelemenlp@alibaba.com,Female,136.223.1.137
783,Betti,Gustus,bgustuslq@friendfeed.com,Female,72.5.21.2
784,Berny,Di Filippo,bdifilippolr@xrea.com,Male,86.141.65.100
785,Carson,Burdfield,cburdfieldls@twitter.com,Male,50.236.192.245
786,Hildagard,Claibourn,hclaibournlt@newsvine.com,Female,128.8.210.149
787,Agnola,Buttfield,abuttfieldlu@amazon.co.jp,Female,218.214.25.250
788,Bianka,Cuseck,bcusecklv@baidu.com,Female,95.102.110.210
789,Muffin,Houlson,mhoulsonlw@washington.edu,Non-binary,215.255.21.115
790,Celestyna,Elcome,celcomelx@epa.gov,Female,125.64.250.34
791,Hillary,Hebbard,hhebbardly@indiegogo.com,Male,214.198.33.65
792,Genevra,Canadas,gcanadaslz@ftc.gov,Female,35.126.167.31
793,Genia,Dragge,gdraggem0@cafepress.com,Female,163.132.218.118
794,Wally,Jessopp,wjessoppm1@wunderground.com,Male,43.169.121.17
795,Alonso,Wallbank,awallbankm2@hibu.com,Genderfluid,168.52.49.87
796,Vassili,Sewart,vsewartm3@goodreads.com,Male,233.94.231.12
797,Jacky,Pleass,jpleassm4@cmu.edu,Male,176.122.249.204
798,Felizio,Sizland,fsizlandm5@engadget.com,Male,16.60.136.203
799,Demetra,Nare,dnarem6@ameblo.jp,Female,244.6.62.57
800,Stephanus,Gildea,sgildeam7@shinystat.com,Male,227.180.44.142
801,Susette,Twaite,stwaitem8@elpais.com,Female,13.196.250.183
802,Hamel,MacGarvey,hmacgarveym9@npr.org,Male,202.177.236.45
803,Sondra,Basnett,sbasnettma@jalbum.net,Female,229.237.204.172
804,Adria,Santostefano.,asantostefanomb@topsy.com,Agender,105.208.130.162
805,Reinaldos,Kayley,rkayleymc@rambler.ru,Male,200.138.142.230
806,Beatrisa,Fache,bfachemd@1688.com,Female,42.246.30.178
807,Edouard,Hynes,ehynesme@sun.com,Male,182.207.141.252
808,Thomas,Lisciardelli,tlisciardellimf@xinhuanet.com,Male,80.183.240.211
809,Lydon,Dominique,ldominiquemg@twitter.com,Male,247.112.45.235
810,Cleo,McEniry,cmcenirymh@yelp.com,Female,195.15.46.45
811,Perceval,LeEstut,pleestutmi@phpbb.com,Male,1.32.162.145
812,Jessika,Hellcat,jhellcatmj@sogou.com,Female,116.183.174.178
813,Gusella,Epelett,gepelettmk@sphinn.com,Female,97.77.237.243
814,Benjamin,Sackey,bsackeyml@washington.edu,Male,8.211.110.74
815,Alberto,Gammade,agammademm@yellowpages.com,Male,133.5.211.226
816,Allsun,Heinle,aheinlemn@accuweather.com,Female,144.31.181.99
817,Dulsea,Bodman,dbodmanmo@naver.com,Female,85.18.66.83
818,Sven,Bending,sbendingmp@sogou.com,Male,196.151.182.171
819,Cal,Battman,cbattmanmq@google.ca,Male,206.254.35.24
820,Opal,Poulter,opoultermr@pagesperso-orange.fr,Female,149.126.39.62
821,Sib,Gaskell,sgaskellms@friendfeed.com,Female,225.229.251.150
822,Artemus,Wilse,awilsemt@weibo.com,Male,132.74.153.237
823,Gina,Potkin,gpotkinmu@amazonaws.com,Genderfluid,141.159.115.101
824,Alford,Hyndes,ahyndesmv@skyrock.com,Male,137.99.31.47
825,Bridgette,Fladgate,bfladgatemw@hugedomains.com,Female,23.137.48.107
826,Raffaello,Capponeer,rcapponeermx@usda.gov,Male,114.178.170.69
827,Cassandre,Biggs,cbiggsmy@auda.org.au,Female,201.24.217.125
828,Mahalia,Keyworth,mkeyworthmz@admin.ch,Female,50.95.99.4
829,Cecelia,Feighry,cfeighryn0@google.com.hk,Female,146.201.214.171
830,Obadias,Dufton,oduftonn1@typepad.com,Male,5.196.228.251
831,Wilone,Peete,wpeeten2@vistaprint.com,Female,10.41.233.231
832,Boony,Moy,bmoyn3@wired.com,Male,231.47.18.221
833,Elwyn,Pedroni,epedronin4@wix.com,Male,30.210.139.62
834,Babbie,Melia,bmelian5@bloglines.com,Female,21.69.98.145
835,Thorpe,Leefe,tleefen6@wufoo.com,Male,36.117.194.135
836,Byrom,Sebert,bsebertn7@amazon.co.jp,Male,170.3.184.98
837,Tobye,Joe,tjoen8@wiley.com,Female,197.158.31.227
838,Valdemar,Hanfrey,vhanfreyn9@soup.io,Male,250.96.82.252
839,Goddard,Matussevich,gmatussevichna@epa.gov,Male,191.10.212.105
840,Whittaker,Callinan,wcallinannb@netscape.com,Male,43.26.42.34
841,Dot,Allcock,dallcocknc@wix.com,Female,148.220.107.66
842,Chiarra,Broom,cbroomnd@ask.com,Female,144.120.69.94
843,Tabb,Stocky,tstockyne@artisteer.com,Male,251.183.170.240
844,Rabi,Zukierman,rzukiermannf@privacy.gov.au,Genderqueer,124.249.252.37
845,Loydie,Lavers,llaversng@washington.edu,Male,248.113.190.248
846,Mohammed,Gillbe,mgillbenh@tinypic.com,Male,222.112.65.14
847,Belita,Fitzroy,bfitzroyni@amazonaws.com,Female,153.23.255.105
848,Elihu,Harty,ehartynj@a8.net,Male,61.23.232.28
849,Noreen,Devanney,ndevanneynk@zdnet.com,Female,195.76.130.19
850,Steffane,Greyes,sgreyesnl@lulu.com,Polygender,57.81.237.242
851,Killy,Maith,kmaithnm@mapy.cz,Male,237.61.61.29
852,Kenny,Vairow,kvairownn@zimbio.com,Male,121.108.89.188
853,Mavra,Wardington,mwardingtonno@symantec.com,Female,143.31.75.56
854,Pavla,Luquet,pluquetnp@businessinsider.com,Female,184.254.70.90
855,Celestina,Palister,cpalisternq@squidoo.com,Female,241.146.180.21
856,Holly,Danko,hdankonr@businessinsider.com,Male,43.53.120.154
857,Shantee,Diggles,sdigglesns@wikipedia.org,Female,4.253.154.8
858,Albrecht,Pryn,aprynnt@hugedomains.com,Male,20.44.241.165
859,Billy,Rubinovitsch,brubinovitschnu@businessinsider.com,Male,247.177.216.193
860,Christoph,Allsupp,callsuppnv@mapquest.com,Male,44.0.54.108
861,Phillip,Sangster,psangsternw@unesco.org,Bigender,50.68.71.248
862,Cordelie,Sedcole,csedcolenx@bing.com,Polygender,248.119.186.164
863,Bat,Heaney,bheaneyny@answers.com,Male,227.186.80.96
864,Tabbi,McColm,tmccolmnz@craigslist.org,Female,41.66.52.233
865,Filbert,Castaneda,fcastanedao0@studiopress.com,Male,26.131.140.76
866,Christan,Martschke,cmartschkeo1@wikimedia.org,Female,13.76.28.15
867,Gasper,Belchamp,gbelchampo2@cdc.gov,Genderfluid,90.93.249.72
868,Reeva,Azemar,razemaro3@altervista.org,Female,229.32.221.197
869,Hurleigh,D'Hooge,hdhoogeo4@nbcnews.com,Male,190.113.55.168
870,Domenico,Ivanenkov,divanenkovo5@examiner.com,Male,157.86.159.164
871,Malcolm,Diano,mdianoo6@twitpic.com,Male,109.121.82.125
872,Brady,Paddon,bpaddono7@economist.com,Male,35.135.60.161
873,Alejandro,Rettie,arettieo8@infoseek.co.jp,Male,136.233.125.244
874,Hershel,Marshall,hmarshallo9@businessweek.com,Male,79.26.150.131
875,Thorndike,Ronci,troncioa@friendfeed.com,Male,12.39.192.145
876,Cathe,Varey,cvareyob@weather.com,Polygender,98.43.68.92
877,Gawen,Rowlinson,growlinsonoc@posterous.com,Male,215.208.240.98
878,Florri,Roose,frooseod@jigsy.com,Genderqueer,249.103.204.19
879,Mariya,Boardman,mboardmanoe@csmonitor.com,Female,181.114.26.173
880,Inga,Habishaw,ihabishawof@jiathis.com,Female,100.14.14.38
881,Shara,Alvey,salveyog@upenn.edu,Genderqueer,232.202.86.168
882,Cristy,Malkin,cmalkinoh@house.gov,Female,229.31.68.157
883,Lothaire,McElroy,lmcelroyoi@jigsy.com,Male,72.64.252.43
884,Zackariah,Glanville,zglanvilleoj@bing.com,Male,184.82.251.133
885,Johnnie,Prestige,jprestigeok@skype.com,Male,192.237.113.188
886,Bennie,Reinhardt,breinhardtol@tmall.com,Female,116.40.87.77
887,Preston,Gadsden,pgadsdenom@cyberchimps.com,Male,63.202.154.230
888,Ramsey,Brayshaw,rbrayshawon@ox.ac.uk,Male,42.8.217.3
889,Francklin,Zima,fzimaoo@ebay.co.uk,Male,201.147.202.253
890,Mackenzie,Fake,mfakeop@utexas.edu,Male,103.234.85.3
891,Colman,Augie,caugieoq@addtoany.com,Male,16.96.76.185
892,Reuben,Hawkyens,rhawkyensor@marketwatch.com,Male,94.116.59.207
893,Clarine,Kerwick,ckerwickos@slashdot.org,Female,218.108.164.62
894,Brynne,Mustoo,bmustooot@spiegel.de,Female,247.61.44.12
895,Calvin,Gunton,cguntonou@alexa.com,Male,145.26.8.79
896,Peadar,Luddy,pluddyov@blogspot.com,Male,156.64.229.149
897,Daisy,Darte,ddarteow@flickr.com,Female,103.214.234.34
898,Jane,Loxton,jloxtonox@miibeian.gov.cn,Genderfluid,180.23.38.220
899,Vassili,Shelp,vshelpoy@amazon.com,Male,170.250.63.162
900,Goldy,Levesque,glevesqueoz@va.gov,Female,132.180.50.174
901,Derby,Dunbavin,ddunbavinp0@chron.com,Male,30.57.210.247
902,Parnell,Flounders,pfloundersp1@istockphoto.com,Male,183.101.121.229
903,Any,Sygroves,asygrovesp2@wordpress.org,Male,166.81.113.46
904,Michaela,Kindell,mkindellp3@baidu.com,Female,188.142.126.240
905,Jessie,Quakley,jquakleyp4@google.it,Female,253.124.240.178
906,Francesco,Scapelhorn,fscapelhornp5@multiply.com,Male,89.37.240.155
907,Glynda,Tyce,gtycep6@edublogs.org,Female,159.48.76.213
908,Dari,Tollit,dtollitp7@biblegateway.com,Female,150.250.39.56
909,Brooks,McCrostie,bmccrostiep8@free.fr,Female,201.203.165.104
910,Zsa zsa,Hardiker,zhardikerp9@ameblo.jp,Female,21.203.158.101
911,Dorey,Ghirardi,dghirardipa@businesswire.com,Male,45.44.251.145
912,Tymon,Knowlton,tknowltonpb@chicagotribune.com,Male,197.37.216.133
913,John,Gunner,jgunnerpc@constantcontact.com,Male,251.39.159.135
914,Lyda,Heimann,lheimannpd@last.fm,Female,184.2.77.110
915,Tiffany,Donnison,tdonnisonpe@digg.com,Female,235.159.241.249
916,Georgianna,Quinell,gquinellpf@storify.com,Female,230.76.54.112
917,Ardith,MacEllen,amacellenpg@1688.com,Female,8.106.150.101
918,Alonzo,Alexis,aalexisph@biglobe.ne.jp,Male,10.43.116.225
919,Kata,Shutler,kshutlerpi@japanpost.jp,Female,39.124.9.102
920,Rafferty,Karlqvist,rkarlqvistpj@narod.ru,Male,211.238.42.139
921,Lexine,Bartlosz,lbartloszpk@feedburner.com,Female,51.34.115.0
922,Coralyn,Bicker,cbickerpl@mayoclinic.com,Non-binary,64.103.14.195
923,Pammy,Malby,pmalbypm@mediafire.com,Female,159.18.75.100
924,Celine,Thurman,cthurmanpn@jimdo.com,Female,244.187.199.83
925,Bradney,Farndon,bfarndonpo@buzzfeed.com,Male,222.121.66.72
926,Katheryn,Filchakov,kfilchakovpp@reuters.com,Female,15.13.87.72
927,Starlene,Petris,spetrispq@va.gov,Female,246.19.222.223
928,Leicester,Searchfield,lsearchfieldpr@barnesandnoble.com,Male,15.61.80.202
929,Ignacio,Yewdale,iyewdaleps@usda.gov,Male,31.54.36.97
930,Penelopa,Gunny,pgunnypt@etsy.com,Female,97.82.104.34
931,Magda,Winser,mwinserpu@cnbc.com,Genderfluid,120.60.81.177
932,Pat,Quinet,pquinetpv@bloglovin.com,Female,116.156.179.187
933,Marrissa,Saurin,msaurinpw@pinterest.com,Female,22.19.95.21
934,Amandy,Leyninye,aleyninyepx@ameblo.jp,Female,97.218.190.100
935,Marianne,Nazair,mnazairpy@booking.com,Female,163.130.152.74
936,Helenelizabeth,Riepel,hriepelpz@epa.gov,Female,249.20.245.208
937,Ardeen,Gaskamp,agaskampq0@hp.com,Female,194.161.33.56
938,Esme,Windless,ewindlessq1@usa.gov,Female,208.171.36.101
939,Carly,Janson,cjansonq2@loc.gov,Male,200.57.104.245
940,Walton,O'Corrigane,wocorriganeq3@uiuc.edu,Male,124.95.202.116
941,Ole,Brandino,obrandinoq4@ustream.tv,Male,140.235.75.249
942,Crosby,Skedge,cskedgeq5@discovery.com,Male,73.245.134.3
943,Christy,Squibe,csquibeq6@hp.com,Polygender,128.237.104.126
944,Bree,Nassau,bnassauq7@blogger.com,Female,4.35.250.145
945,Jayson,Laurisch,jlaurischq8@state.tx.us,Male,208.144.174.156
946,Loretta,Scopham,lscophamq9@delicious.com,Female,154.145.4.31
947,Tyne,Eloi,teloiqa@cmu.edu,Female,194.255.198.118
948,Marguerite,McGuffie,mmcguffieqb@addtoany.com,Female,40.213.141.119
949,Ali,Signe,asigneqc@unblog.fr,Female,55.138.139.221
950,Bald,Jordi,bjordiqd@hatena.ne.jp,Male,135.240.162.109
951,Juline,Ramsted,jramstedqe@cbc.ca,Female,9.21.78.170
952,Twyla,Hurich,thurichqf@wikipedia.org,Female,34.206.106.228
953,Noreen,Larkcum,nlarkcumqg@mozilla.org,Female,127.9.151.44
954,Dean,Furney,dfurneyqh@livejournal.com,Male,70.22.160.69
955,Nellie,Curm,ncurmqi@ycombinator.com,Female,245.121.15.93
956,Lynda,Hayles,lhaylesqj@ft.com,Genderfluid,166.242.64.97
957,Perceval,Demschke,pdemschkeqk@twitter.com,Male,139.22.146.138
958,Kerstin,Dimnage,kdimnageql@marriott.com,Female,65.191.116.103
959,Christoffer,Kincade,ckincadeqm@mysql.com,Male,135.105.48.69
960,Artus,Pinkerton,apinkertonqn@omniture.com,Male,136.244.141.67
961,Lucy,Lambourne,llambourneqo@soup.io,Female,239.25.198.9
962,Georgie,Diggin,gdigginqp@howstuffworks.com,Female,92.201.52.151
963,Phoebe,Kilgallon,pkilgallonqq@walmart.com,Agender,180.210.234.162
964,Freddy,Mayall,fmayallqr@chronoengine.com,Agender,210.234.153.208
965,Waldo,Colquyte,wcolquyteqs@bing.com,Male,14.26.244.202
966,Arabella,Dillimore,adillimoreqt@weather.com,Female,248.26.53.43
967,Ruthanne,Luxford,rluxfordqu@constantcontact.com,Female,186.188.134.95
968,Karoly,Redmire,kredmireqv@ox.ac.uk,Male,226.47.10.157
969,Gavin,Keates,gkeatesqw@lycos.com,Male,137.232.190.155
970,Neil,Lapides,nlapidesqx@arstechnica.com,Male,111.152.219.236
971,Raimund,Maffi,rmaffiqy@wsj.com,Male,239.12.213.131
972,Chandler,Draude,cdraudeqz@timesonline.co.uk,Non-binary,218.4.135.192
973,Skip,Cestard,scestardr0@slate.com,Male,144.203.199.14
974,Tiffie,Ierland,tierlandr1@youtube.com,Female,212.131.49.78
975,Leesa,Chatel,lchatelr2@infoseek.co.jp,Female,225.4.33.149
976,Jarvis,Spittles,jspittlesr3@163.com,Male,103.30.164.101
977,Murdock,Twelftree,mtwelftreer4@slideshare.net,Male,84.37.68.24
978,Milli,Carless,mcarlessr5@thetimes.co.uk,Female,211.248.41.3
979,Marylee,Launchbury,mlaunchburyr6@t-online.de,Female,175.209.192.172
980,Clarissa,Bhar,cbharr7@w3.org,Female,183.63.255.21
981,Kendre,Lowndesbrough,klowndesbroughr8@who.int,Female,103.19.218.195
982,Hill,Minghetti,hminghettir9@yolasite.com,Male,22.130.205.12
983,Zared,Wanjek,zwanjekra@blogspot.com,Male,252.237.91.154
984,Ardenia,Huntar,ahuntarrb@godaddy.com,Female,24.33.126.153
985,Garey,Gommery,ggommeryrc@qq.com,Male,186.175.28.76
986,Thorn,Brisseau,tbrisseaurd@ning.com,Male,164.166.25.81
987,Cordey,Spring,cspringre@irs.gov,Female,180.232.78.199
988,Oby,Twydell,otwydellrf@cisco.com,Male,77.92.101.204
989,Jemmy,Emerson,jemersonrg@taobao.com,Female,206.134.147.238
990,Tobe,Andriveau,tandriveaurh@google.pl,Female,163.99.156.181
991,Saunders,Maxfield,smaxfieldri@sbwire.com,Male,236.114.187.6
992,Herby,Blackburn,hblackburnrj@hud.gov,Bigender,182.176.32.176
993,Constantia,D'Ruel,cdruelrk@myspace.com,Female,200.166.15.134
994,Tawnya,Ghelardi,tghelardirl@usatoday.com,Female,16.224.72.184
995,Merilyn,Hughill,mhughillrm@columbia.edu,Female,122.69.88.21
996,Glory,Dureden,gduredenrn@newsvine.com,Female,13.209.179.125
997,Thorn,Giveen,tgiveenro@cmu.edu,Male,90.70.9.136
998,Norrie,Linay,nlinayrp@ycombinator.com,Male,114.204.5.65
999,Lyn,Atto,lattorq@bbc.co.uk,Male,75.4.195.54
1000,Minette,Cona,mconarr@ihg.com,Female,21.239.103.35
